Times,Filt,mag,magerr,lim_mag,Freqs,Fluxes,FluxErrs
1224.0,i,20.46,0.06,-99,393170436721311.5,0.023769839480382696,0.0013505430736838267
56808.0,i,19.78,0.05,-99,393170436721311.5,0.044465814195313834,0.002095609260926222
72000.0,i,20.0,0.1,-99,393170436721311.5,0.03631,0.003503123301959051
3101.779,swift,-99,-99,-99,2.42e18,7.70059643659726e-05,1.69757358959331e-05
133150.208,swift,-99,-99,-99,2.42e18,8.80809348585672e-06,2.63068041251198e-06
187274.702,swift,-99,-99,-99,2.42e18,5.15439279683819e-06,1.4598333352389e-06
354240,radio,-99,-99,-99,6E+09,0.150,0.005
343872,radio,-99,-99,-99,1E+10,0.092,0.007
492480,radio,-99,-99,-99,1.3E+09,0.070,0.005
